filename,label
audio_128.wav,3.28
audio_156.wav,3.863
audio_19.wav,3.504
audio_108.wav,2.6655
audio_206.wav,3.316
audio_161.wav,2.9265
audio_215.wav,2.9015
audio_213.wav,3.2075
audio_11.wav,3.5835
audio_155.wav,3.308
audio_39.wav,3.6845
audio_168.wav,3.18
audio_133.wav,2.9695
audio_28.wav,3.407
audio_40.wav,3.528
audio_181.wav,2.9265
audio_201.wav,2.6845
audio_182.wav,2.8895
audio_126.wav,3.205
audio_10.wav,2.6075
audio_134.wav,2.557
audio_69.wav,3.341
audio_112.wav,3.067
audio_180.wav,3.123
audio_177.wav,3.365
audio_77.wav,4.09
audio_111.wav,2.979
audio_18.wav,3.232
audio_175.wav,3.1075
audio_33.wav,3.7825
audio_15.wav,2.888
audio_4.wav,3.9515
audio_27.wav,3.0735
audio_96.wav,2.97
audio_116.wav,3.2215
audio_1.wav,3.2425
audio_22.wav,3.5215
audio_114.wav,2.8465
audio_146.wav,2.977
audio_46.wav,4.32
audio_144.wav,3.2625
audio_75.wav,3.713
audio_200.wav,3.088
audio_196.wav,2.862
audio_190.wav,3.232
audio_158.wav,3.0245
audio_17.wav,2.6635
audio_105.wav,3.0725
audio_141.wav,2.7635
audio_129.wav,3.598
audio_6.wav,3.6525
audio_70.wav,4.3145
audio_35.wav,3.4865
audio_203.wav,2.788
audio_90.wav,4.1135
audio_16.wav,3.018
audio_138.wav,3.206
audio_100.wav,3.0435
audio_115.wav,2.829
audio_118.wav,3.3735
audio_137.wav,3.446
audio_101.wav,3.1685
audio_193.wav,3.28
audio_102.wav,3.1945
audio_52.wav,3.4465
audio_172.wav,3.329
audio_191.wav,3.1575
audio_194.wav,3.307
audio_67.wav,2.8715
audio_160.wav,3.1375
audio_179.wav,2.6765
audio_55.wav,3.483
audio_145.wav,3.0695
audio_197.wav,2.595
audio_139.wav,2.7245
audio_91.wav,3.6375
audio_8.wav,3.068
audio_136.wav,3.0035
audio_199.wav,2.8575
audio_110.wav,3.507
audio_208.wav,2.9795
audio_152.wav,3.1895
audio_94.wav,3.8375
audio_174.wav,3.441
audio_23.wav,3.051
audio_56.wav,3.2195
audio_97.wav,2.8565
audio_148.wav,3.0545
audio_59.wav,2.995
audio_5.wav,3.057
audio_119.wav,2.8685
audio_80.wav,4.0385
audio_58.wav,3.232
audio_123.wav,3.192
audio_188.wav,3.076
audio_121.wav,3.0605
audio_107.wav,3.221
audio_214.wav,3.253
audio_73.wav,3.852
audio_169.wav,3.269
audio_7.wav,3.1945
audio_42.wav,3.363
audio_88.wav,3.5665
audio_64.wav,2.73
audio_195.wav,3.1925
audio_57.wav,3.096
audio_13.wav,3.3115
audio_125.wav,3.1285
audio_209.wav,3.0435
audio_211.wav,3.336
audio_63.wav,3.0995
audio_86.wav,4.29
audio_78.wav,3.9365
audio_38.wav,3.524
audio_186.wav,3.0315
audio_154.wav,3.4295
audio_21.wav,2.626
audio_120.wav,2.694
audio_183.wav,2.9955
audio_25.wav,2.9745
audio_122.wav,2.829
audio_36.wav,3.956
audio_76.wav,4.337
audio_163.wav,2.6555
audio_83.wav,3.849
audio_103.wav,2.945
audio_93.wav,2.934
audio_26.wav,3.177
audio_72.wav,4.1845
audio_210.wav,3.3615
audio_104.wav,2.95
audio_81.wav,3.9575
audio_166.wav,3.181
audio_202.wav,2.527
audio_185.wav,2.764
audio_9.wav,2.9565
audio_207.wav,3.39
audio_127.wav,2.993
audio_12.wav,4.121
audio_132.wav,3.2285
audio_109.wav,2.7065
audio_32.wav,3.883
audio_178.wav,4.043
audio_61.wav,3.176
audio_34.wav,3.7075
audio_106.wav,2.9105
audio_49.wav,3.915
audio_149.wav,3.072
audio_30.wav,3.5805
audio_131.wav,2.9895
audio_162.wav,2.847
audio_204.wav,3.3085
audio_198.wav,3.099
audio_135.wav,2.608
audio_187.wav,3.1945
audio_3.wav,3.144
audio_98.wav,3.211
audio_159.wav,3.177
audio_167.wav,3.3345
audio_205.wav,3.2865
audio_95.wav,3.044
audio_68.wav,3.1805
audio_31.wav,3.7015
audio_157.wav,4.001
audio_89.wav,4.193
audio_82.wav,3.542
audio_53.wav,3.4425
audio_37.wav,4.077
audio_113.wav,3.36
audio_85.wav,4.3875
audio_173.wav,3.584
audio_41.wav,3.926
audio_51.wav,3.615
audio_143.wav,3.2145
audio_92.wav,3.3375
audio_74.wav,3.6175
audio_0.wav,3.068
audio_147.wav,3.704
audio_130.wav,2.626
audio_192.wav,2.8815
audio_43.wav,4.108
audio_65.wav,2.896
audio_14.wav,3.1185
audio_117.wav,3.1885
audio_212.wav,3.0345
audio_79.wav,3.852
audio_171.wav,2.6215
audio_60.wav,3.2165
audio_153.wav,3.622
audio_176.wav,3.8385
audio_2.wav,2.7345
audio_50.wav,4.067
audio_29.wav,3.371
audio_142.wav,3.093
audio_47.wav,3.1165
audio_84.wav,3.8865
audio_164.wav,3.1355
audio_48.wav,3.975
audio_189.wav,3.2735
audio_151.wav,3.744
audio_66.wav,2.656
audio_44.wav,3.3285
audio_150.wav,2.974
audio_87.wav,3.7175
audio_99.wav,2.8895
audio_62.wav,3.0735
audio_20.wav,2.901
audio_124.wav,3.304
audio_54.wav,3.6925
audio_45.wav,4.3385
audio_71.wav,4.102
audio_184.wav,3.3375
audio_24.wav,2.377
audio_140.wav,3.53
audio_165.wav,3.3005
audio_170.wav,2.904
